Model,Best Threshold,F1
Logistic_Regression,0.9,0.20069119407858932
KNN,0.75,0.19157952807241907
Neural_Net_(MLP),0.9,0.17223045234084866
Extra_Trees,0.55,0.15826909470077832
Decision_Tree,0.1,0.15800284405119291
XGBoost,0.55,0.1574307304785894
Random_Forest,0.1,0.15668202764976957
SVM,0.1,0.15668202764976957
